AssetName,PackagePath,IsSkeletalMesh,LODCount,LOD0Vertices,MaterialSlots,UniqueTextures,MaxTextureResolution,AverageTextureResolution,UVChannels,GenerateLightmapUVs,MinLightmapResolution,MaxBoundsLengthM
"FlameTower_SkelMesh","/Game/Environment/Meshes",True,,,,,,,,False,,
"Cannon_Tower_SkelMesh","/Game/Environment/Meshes",True,,,,,,,,False,,
"ArbalestTower_SkelMesh","/Game/Environment/Meshes",True,,,,,,,,False,,
"WarHammer","/Game/Characters/DwarfGrunt/SkelMesh",True,,,,,,,,False,,
"Shield_Skel","/Game/Characters/DwarfGrunt/SkelMesh",True,,,,,,,,False,,
"DwarfGrunt_R_new","/Game/Characters/DwarfGrunt/SkelMesh",True,,,,,,,,False,,
"SM_TD_Gold_Pile","/Game/Environment/Meshes",False,1,121,1,3,512,512.000,2,False,0,1.424
"Sm_TD_Brewery_01_Add_B","/Game/Environment/Meshes",False,1,1471,1,3,2048,2048.000,2,False,0,4.017
"Sm_TD_Brewery_01_Add_A","/Game/Environment/Meshes",False,1,1228,1,3,2048,2048.000,2,False,0,4.017
"Sm_TD_Brewery_01","/Game/Environment/Meshes",False,1,4141,1,3,2048,2048.000,2,False,0,19.214
"RTS_Wooden_Planks","/Game/Environment/Meshes",False,1,13586,1,1,512,512.000,2,False,0,35.225
"RTS_Hanging_Chains","/Game/Environment/Meshes",False,1,5797,1,2,512,512.000,2,False,0,44.702
"RTS_Env_S_EV_FogSheet_01","/Game/Environment/Meshes",False,1,4,1,1,1024,1024.000,1,False,0,0.640
"RTS_Env_Rocks_01B","/Game/Environment/Meshes",False,1,147,1,2,2048,2048.000,2,False,0,2.586
"RTS_Env_MainFloor","/Game/Environment/Meshes",False,1,583,1,2,2048,2048.000,2,False,0,57.942
"RTS_Env_Ice_Fort_Trim_2","/Game/Environment/Meshes",False,1,1074,1,2,2048,2048.000,2,False,0,2.222
"RTS_Env_Ice_Fort_Trim_1","/Game/Environment/Meshes",False,1,875,1,2,2048,2048.000,2,False,0,0.640
"RTS_Env_Fire_NordHeed01","/Game/Environment/Meshes",False,1,1326,1,2,2048,2048.000,2,False,0,4.336
"RTS_Env_Fire_GrimStatue002","/Game/Environment/Meshes",False,1,1761,2,4,2048,2048.000,2,False,0,1.272
"RTS_Env_Cliffs_CliffWall_Box","/Game/Environment/Meshes",False,1,117,1,2,2048,2048.000,2,False,0,3.147
"M_lava_river_01","/Game/Environment/Meshes",False,1,138,1,1,1024,1024.000,2,False,0,72.796
"Detial_combined_02","/Game/Environment/Meshes",False,1,36996,1,2,1024,1024.000,2,False,0,50.809
"Detial_combined_01","/Game/Environment/Meshes",False,1,21079,1,2,1024,1024.000,2,False,0,30.185
"Combined_Rocks_01b","/Game/Environment/Meshes",False,1,27245,1,2,2048,2048.000,2,True,512,51.346
"Combined_Rocks_01a","/Game/Environment/Meshes",False,1,58630,1,2,2048,2048.000,2,True,512,119.540
"CannonTower_StaticElement","/Game/Environment/Meshes",False,1,213,1,3,2048,2048.000,2,False,0,3.453
"ArbalesTower_StaticElement","/Game/Environment/Meshes",False,1,340,1,3,2048,2048.000,2,False,0,3.453
"SM_plane_pivot_down","/Game/Environment/Effects/Meshes",False,1,4,1,2,512,384.000,1,False,0,0.500
"S_SandSwirl","/Game/Environment/Effects/Meshes",False,1,27,1,1,512,512.000,1,False,0,2.187
"S_plane","/Game/Environment/Effects/Meshes",False,1,6,1,2,512,512.000,1,False,0,2.560
"S_EV_SimpleLightBeam_cyl","/Game/Environment/Effects/Meshes",False,1,39,1,1,2048,2048.000,2,False,0,0.127
"plane_bulge_pivot_center","/Game/Environment/Effects/Meshes",False,1,49,1,1,256,256.000,1,False,0,0.500
"SM_Water","/Game/Bazaar_Meshingun/Master_Material/Water_Meshingun/Mesh",False,1,1681,1,5,2048,1638.400,1,True,16,1.000
"SM_Rock","/Game/Bazaar_Meshingun/Master_Material/MasterShader_Meshingun/Mesh",False,1,459,1,3,2048,2048.000,1,True,64,6.747
"SM_PlaneSample","/Game/Bazaar_Meshingun/Master_Material/MasterShader_Meshingun/Mesh",False,1,586,1,2,512,384.000,1,True,64,4.829
"SM_MatPreviewMesh_01","/Game/Bazaar_Meshingun/Master_Material/MasterShader_Meshingun/Mesh/Demo",False,1,30467,2,3,10,6.333,2,True,64,2.679
"SM_LightRoom","/Game/Bazaar_Meshingun/Environment/Misc",False,1,6157,1,2,512,384.000,1,True,64,662.340
"SM_Skybox","/Game/Bazaar_Meshingun/Environment/Misc/Sky",False,1,8064,1,1,8192,8192.000,5,False,0,81.920
"SM_WoodCrate_02b","/Game/Bazaar_Meshingun/Environment/Assets/Mesh/Prop",False,7,1176,1,7,2048,1609.143,1,True,96,0.663
"SM_WoodCrate_02a","/Game/Bazaar_Meshingun/Environment/Assets/Mesh/Prop",False,7,1200,1,7,2048,1609.143,1,True,96,0.663
"SM_WoodCrate_01b","/Game/Bazaar_Meshingun/Environment/Assets/Mesh/Prop",False,7,408,1,7,2048,1609.143,1,True,64,0.654
"SM_WoodCrate_01a","/Game/Bazaar_Meshingun/Environment/Assets/Mesh/Prop",False,7,408,1,7,2048,1609.143,1,True,64,0.643
"SM_WheelBarrow_01a","/Game/Bazaar_Meshingun/Environment/Assets/Mesh/Prop",False,7,4034,2,10,2048,1740.800,1,True,128,1.938
"SM_Wheel_01a","/Game/Bazaar_Meshingun/Environment/Assets/Mesh/Prop",False,7,1356,1,7,2048,1609.143,1,True,48,0.625
"SM_Well_02a","/Game/Bazaar_Meshingun/Environment/Assets/Mesh/Prop",False,7,4526,1,8,2048,1536.000,1,True,64,1.355
"SM_Well_01a","/Game/Bazaar_Meshingun/Environment/Assets/Mesh/Prop",False,7,1642,1,8,2048,1536.000,1,True,64,1.024
"SM_WeaverBasket_Spice_05d","/Game/Bazaar_Meshingun/Environment/Assets/Mesh/Prop",False,7,452,2,10,2048,1740.800,1,True,32,0.317
"SM_WeaverBasket_Spice_05c","/Game/Bazaar_Meshingun/Environment/Assets/Mesh/Prop",False,7,480,2,10,2048,1740.800,1,True,32,0.288
"SM_WeaverBasket_Spice_05b","/Game/Bazaar_Meshingun/Environment/Assets/Mesh/Prop",False,7,452,2,10,2048,1740.800,1,True,32,0.317
"SM_WeaverBasket_Spice_05a","/Game/Bazaar_Meshingun/Environment/Assets/Mesh/Prop",False,7,452,2,10,2048,1740.800,1,True,32,0.317
"SM_WeaverBasket_Spice_04d","/Game/Bazaar_Meshingun/Environment/Assets/Mesh/Prop",False,7,465,2,10,2048,1740.800,1,True,32,0.288
"SM_WeaverBasket_Spice_04c","/Game/Bazaar_Meshingun/Environment/Assets/Mesh/Prop",False,7,452,2,10,2048,1740.800,1,True,32,0.317
"SM_WeaverBasket_Spice_04b","/Game/Bazaar_Meshingun/Environment/Assets/Mesh/Prop",False,7,480,2,10,2048,1740.800,1,True,32,0.288
"SM_WeaverBasket_Spice_04a","/Game/Bazaar_Meshingun/Environment/Assets/Mesh/Prop",False,7,494,2,10,2048,1740.800,1,True,32,0.288
"SM_WeaverBasket_Spice_03d","/Game/Bazaar_Meshingun/Environment/Assets/Mesh/Prop",False,7,468,2,10,2048,1740.800,1,True,32,0.519
"SM_WeaverBasket_Spice_03c","/Game/Bazaar_Meshingun/Environment/Assets/Mesh/Prop",False,7,468,2,10,2048,1740.800,1,True,32,0.519
"SM_WeaverBasket_Spice_03b","/Game/Bazaar_Meshingun/Environment/Assets/Mesh/Prop",False,7,468,2,10,2048,1740.800,1,True,32,0.519
"SM_WeaverBasket_Spice_03a","/Game/Bazaar_Meshingun/Environment/Assets/Mesh/Prop",False,7,484,2,10,2048,1740.800,1,True,32,0.519
"SM_WeaverBasket_Spice_02d","/Game/Bazaar_Meshingun/Environment/Assets/Mesh/Prop",False,7,469,2,10,2048,1740.800,1,True,32,0.648
"SM_WeaverBasket_Spice_02c","/Game/Bazaar_Meshingun/Environment/Assets/Mesh/Prop",False,7,455,2,10,2048,1740.800,1,True,32,0.648
"SM_WeaverBasket_Spice_02b","/Game/Bazaar_Meshingun/Environment/Assets/Mesh/Prop",False,7,471,2,10,2048,1740.800,1,True,32,0.648
"SM_WeaverBasket_Spice_02a","/Game/Bazaar_Meshingun/Environment/Assets/Mesh/Prop",False,7,492,2,10,2048,1740.800,1,True,32,0.648
"SM_WeaverBasket_Spice_01d","/Game/Bazaar_Meshingun/Environment/Assets/Mesh/Prop",False,7,459,2,10,2048,1740.800,1,True,32,0.513
"SM_WeaverBasket_Spice_01c","/Game/Bazaar_Meshingun/Environment/Assets/Mesh/Prop",False,7,459,2,10,2048,1740.800,1,True,32,0.513
"SM_WeaverBasket_Spice_01b","/Game/Bazaar_Meshingun/Environment/Assets/Mesh/Prop",False,7,459,2,10,2048,1740.800,1,True,32,0.513
"SM_WeaverBasket_Spice_01a","/Game/Bazaar_Meshingun/Environment/Assets/Mesh/Prop",False,7,459,2,10,2048,1740.800,1,True,32,0.513
"SM_WeaverBasket_05a","/Game/Bazaar_Meshingun/Environment/Assets/Mesh/Prop",False,7,341,1,7,2048,1609.143,1,True,32,0.288
"SM_WeaverBasket_04a","/Game/Bazaar_Meshingun/Environment/Assets/Mesh/Prop",False,7,427,1,7,2048,1609.143,1,True,32,0.317
"SM_WeaverBasket_03a","/Game/Bazaar_Meshingun/Environment/Assets/Mesh/Prop",False,7,321,1,7,2048,1609.143,1,True,32,0.519
"SM_WeaverBasket_02a","/Game/Bazaar_Meshingun/Environment/Assets/Mesh/Prop",False,7,329,1,7,2048,1609.143,1,True,32,0.648
"SM_WeaverBasket_01a","/Game/Bazaar_Meshingun/Environment/Assets/Mesh/Prop",False,7,435,1,7,2048,1609.143,1,True,32,0.513
"SM_Watermelon_01c","/Game/Bazaar_Meshingun/Environment/Assets/Mesh/Prop",False,7,241,1,7,2048,1609.143,1,True,32,0.528
"SM_Watermelon_01b","/Game/Bazaar_Meshingun/Environment/Assets/Mesh/Prop",False,7,122,2,7,2048,1609.143,1,True,16,0.269
"SM_Watermelon_01a","/Game/Bazaar_Meshingun/Environment/Assets/Mesh/Prop",False,7,207,1,7,2048,1609.143,1,True,32,0.355
"SM_Waterfall","/Game/Bazaar_Meshingun/Environment/Assets/Mesh/Prop",False,1,200,1,2,2048,2048.000,1,True,64,8.910
"SM_Table_Wood_02a","/Game/Bazaar_Meshingun/Environment/Assets/Mesh/Prop",False,7,432,1,7,2048,1609.143,1,True,128,2.074
"SM_Table_Wood_01a","/Game/Bazaar_Meshingun/Environment/Assets/Mesh/Prop",False,7,2960,1,7,2048,1609.143,1,True,96,1.010
"SM_Table_Stone_01a","/Game/Bazaar_Meshingun/Environment/Assets/Mesh/Prop",False,7,5876,1,7,2048,1609.143,1,True,128,1.744
"SM_Stool_01a","/Game/Bazaar_Meshingun/Environment/Assets/Mesh/Prop",False,7,123,1,7,2048,1609.143,1,True,32,0.686
"SM_Shelf_Wood_01a","/Game/Bazaar_Meshingun/Environment/Assets/Mesh/Prop",False,7,876,1,7,2048,1609.143,1,True,128,2.661
"SM_Rug_03g","/Game/Bazaar_Meshingun/Environment/Assets/Mesh/Prop",False,7,1107,1,7,2048,1609.143,1,True,64,1.935
"SM_Rug_03f","/Game/Bazaar_Meshingun/Environment/Assets/Mesh/Prop",False,7,1104,1,7,2048,1609.143,1,True,64,1.554
"SM_Rug_03e","/Game/Bazaar_Meshingun/Environment/Assets/Mesh/Prop",False,7,1105,1,7,2048,1609.143,1,True,64,1.945
"SM_Rug_03d","/Game/Bazaar_Meshingun/Environment/Assets/Mesh/Prop",False,7,1106,1,7,2048,1609.143,1,True,64,1.572
"SM_Rug_03c","/Game/Bazaar_Meshingun/Environment/Assets/Mesh/Prop",False,7,651,1,7,2048,1609.143,1,True,48,1.898
"SM_Rug_03b","/Game/Bazaar_Meshingun/Environment/Assets/Mesh/Prop",False,7,1104,1,7,2048,1609.143,1,True,64,2.795
"SM_Rug_03a","/Game/Bazaar_Meshingun/Environment/Assets/Mesh/Prop",False,7,136,1,7,2048,1609.143,1,True,96,2.800
"SM_Rug_02g","/Game/Bazaar_Meshingun/Environment/Assets/Mesh/Prop",False,7,1107,1,7,2048,1609.143,1,True,64,1.940
"SM_Rug_02f","/Game/Bazaar_Meshingun/Environment/Assets/Mesh/Prop",False,7,1109,1,7,2048,1609.143,1,True,64,1.554
"SM_Rug_02e","/Game/Bazaar_Meshingun/Environment/Assets/Mesh/Prop",False,7,1109,1,7,2048,1609.143,1,True,64,1.945
"SM_Rug_02d","/Game/Bazaar_Meshingun/Environment/Assets/Mesh/Prop",False,7,1109,1,7,2048,1609.143,1,True,64,1.572
"SM_Rug_02c","/Game/Bazaar_Meshingun/Environment/Assets/Mesh/Prop",False,7,649,1,7,2048,1609.143,1,True,48,1.903
"SM_Rug_02b","/Game/Bazaar_Meshingun/Environment/Assets/Mesh/Prop",False,7,1106,1,7,2048,1609.143,1,True,64,2.805
"SM_Rug_02a","/Game/Bazaar_Meshingun/Environment/Assets/Mesh/Prop",False,7,136,1,7,2048,1609.143,1,True,96,2.800
"SM_Rug_01g","/Game/Bazaar_Meshingun/Environment/Assets/Mesh/Prop",False,7,1107,1,7,2048,1609.143,1,True,64,1.950
"SM_Rug_01f","/Game/Bazaar_Meshingun/Environment/Assets/Mesh/Prop",False,7,1105,1,7,2048,1609.143,1,True,64,1.554
"SM_Rug_01e","/Game/Bazaar_Meshingun/Environment/Assets/Mesh/Prop",False,7,1106,1,7,2048,1609.143,1,True,64,1.945
"SM_Rug_01d","/Game/Bazaar_Meshingun/Environment/Assets/Mesh/Prop",False,7,1105,1,7,2048,1609.143,1,True,64,1.572
"SM_Rug_01c","/Game/Bazaar_Meshingun/Environment/Assets/Mesh/Prop",False,7,649,1,7,2048,1609.143,1,True,48,1.913
"SM_Rug_01b","/Game/Bazaar_Meshingun/Environment/Assets/Mesh/Prop",False,7,1103,1,7,2048,1609.143,1,True,64,2.797
"SM_Rug_01a","/Game/Bazaar_Meshingun/Environment/Assets/Mesh/Prop",False,7,136,1,7,2048,1609.143,1,True,96,2.800
"SM_Rope_01a","/Game/Bazaar_Meshingun/Environment/Assets/Mesh/Prop",False,1,61,1,7,4096,2486.857,1,True,16,0.500
"SM_Roof_Wood_01a","/Game/Bazaar_Meshingun/Environment/Assets/Mesh/Prop",False,7,840,1,7,2048,1609.143,1,True,192,4.358
"SM_Pot_Pattern_05a","/Game/Bazaar_Meshingun/Environment/Assets/Mesh/Prop",False,7,741,1,8,2048,1664.000,1,True,32,0.524
"SM_Pot_Pattern_04a","/Game/Bazaar_Meshingun/Environment/Assets/Mesh/Prop",False,7,770,1,8,2048,1664.000,1,True,48,0.665
"SM_Pot_Pattern_03a","/Game/Bazaar_Meshingun/Environment/Assets/Mesh/Prop",False,7,756,1,8,2048,1664.000,1,True,32,0.592
"SM_Pot_Pattern_02a","/Game/Bazaar_Meshingun/Environment/Assets/Mesh/Prop",False,7,874,1,8,2048,1664.000,1,True,32,0.404
"SM_Pot_Pattern_01a","/Game/Bazaar_Meshingun/Environment/Assets/Mesh/Prop",False,7,891,1,8,2048,1664.000,1,True,48,0.471
"SM_Porcelain_03c","/Game/Bazaar_Meshingun/Environment/Assets/Mesh/Prop",False,7,839,1,8,2048,1664.000,1,True,32,0.666
"SM_Porcelain_03b","/Game/Bazaar_Meshingun/Environment/Assets/Mesh/Prop",False,7,925,1,8,2048,1664.000,1,True,32,0.699
"SM_Porcelain_03a","/Game/Bazaar_Meshingun/Environment/Assets/Mesh/Prop",False,7,1559,1,8,2048,1664.000,1,True,32,0.664
"SM_Porcelain_02a","/Game/Bazaar_Meshingun/Environment/Assets/Mesh/Prop",False,7,1359,1,8,2048,1664.000,1,True,32,0.193
"SM_Porcelain_01c","/Game/Bazaar_Meshingun/Environment/Assets/Mesh/Prop",False,7,1092,1,8,2048,1664.000,1,True,32,0.430
"SM_Porcelain_01b","/Game/Bazaar_Meshingun/Environment/Assets/Mesh/Prop",False,7,861,1,8,2048,1664.000,1,True,32,0.300
"SM_Porcelain_01a","/Game/Bazaar_Meshingun/Environment/Assets/Mesh/Prop",False,1,592,1,8,2048,1664.000,1,True,16,0.242
"SM_Pomegranate_01c","/Game/Bazaar_Meshingun/Environment/Assets/Mesh/Prop",False,1,447,1,7,2048,1609.143,1,True,16,0.205
"SM_Pomegranate_01b","/Game/Bazaar_Meshingun/Environment/Assets/Mesh/Prop",False,7,119,1,7,2048,1609.143,1,True,16,0.107
"SM_Pomegranate_01a","/Game/Bazaar_Meshingun/Environment/Assets/Mesh/Prop",False,7,379,1,7,2048,1609.143,1,True,16,0.113
"SM_Pillow_03b","/Game/Bazaar_Meshingun/Environment/Assets/Mesh/Prop",False,7,1280,1,7,2048,1609.143,1,True,32,0.723
"SM_Pillow_03a","/Game/Bazaar_Meshingun/Environment/Assets/Mesh/Prop",False,7,1280,1,7,2048,1609.143,1,True,32,0.719
"SM_Pillow_02b","/Game/Bazaar_Meshingun/Environment/Assets/Mesh/Prop",False,7,1268,1,7,2048,1609.143,1,True,32,0.531
"SM_Pillow_02a","/Game/Bazaar_Meshingun/Environment/Assets/Mesh/Prop",False,7,1268,1,7,2048,1609.143,1,True,32,0.535
"SM_Pillow_01b","/Game/Bazaar_Meshingun/Environment/Assets/Mesh/Prop",False,7,1280,1,7,2048,1609.143,1,True,32,0.614
"SM_Pillow_01a","/Game/Bazaar_Meshingun/Environment/Assets/Mesh/Prop",False,7,1280,1,7,2048,1609.143,1,True,32,0.613
"SM_Pallate_01b","/Game/Bazaar_Meshingun/Environment/Assets/Mesh/Prop",False,7,576,1,7,2048,1609.143,1,True,128,1.723
"SM_Pallate_01a","/Game/Bazaar_Meshingun/Environment/Assets/Mesh/Prop",False,7,576,1,7,2048,1609.143,1,True,128,1.696
"SM_Paddle_01a","/Game/Bazaar_Meshingun/Environment/Assets/Mesh/Prop",False,7,160,1,7,2048,1609.143,1,True,16,1.305
"SM_Naan_02a","/Game/Bazaar_Meshingun/Environment/Assets/Mesh/Prop",False,7,436,1,7,2048,1609.143,1,True,16,0.202
"SM_Naan_01a","/Game/Bazaar_Meshingun/Environment/Assets/Mesh/Prop",False,7,187,1,7,2048,1609.143,1,True,16,0.163
"SM_Metalware_04b","/Game/Bazaar_Meshingun/Environment/Assets/Mesh/Prop",False,7,2504,1,8,2048,1664.000,1,True,64,0.606
"SM_Metalware_04a","/Game/Bazaar_Meshingun/Environment/Assets/Mesh/Prop",False,7,626,1,8,2048,1664.000,1,True,48,0.606
"SM_Metalware_03b","/Game/Bazaar_Meshingun/Environment/Assets/Mesh/Prop",False,7,1824,1,8,2048,1664.000,1,True,64,0.570
"SM_Metalware_03a","/Game/Bazaar_Meshingun/Environment/Assets/Mesh/Prop",False,7,456,1,8,2048,1664.000,1,True,32,0.569
"SM_Metalware_02a","/Game/Bazaar_Meshingun/Environment/Assets/Mesh/Prop",False,7,665,1,8,2048,1664.000,1,True,32,0.615
"SM_Metalware_01a","/Game/Bazaar_Meshingun/Environment/Assets/Mesh/Prop",False,7,665,1,8,2048,1664.000,1,True,32,0.615
"SM_Melon_01c","/Game/Bazaar_Meshingun/Environment/Assets/Mesh/Prop",False,7,250,1,7,2048,1609.143,1,True,32,0.509
"SM_Melon_01b","/Game/Bazaar_Meshingun/Environment/Assets/Mesh/Prop",False,7,134,1,7,2048,1609.143,1,True,16,0.269
"SM_Melon_01a","/Game/Bazaar_Meshingun/Environment/Assets/Mesh/Prop",False,7,205,1,7,2048,1609.143,1,True,32,0.299
"SM_Lamp_03a","/Game/Bazaar_Meshingun/Environment/Assets/Mesh/Prop",False,7,253,1,7,2048,1609.143,1,True,24,0.316
"SM_Lamp_02a","/Game/Bazaar_Meshingun/Environment/Assets/Mesh/Prop",False,7,464,1,7,2048,1609.143,1,True,32,0.280
"SM_Lamp_01a","/Game/Bazaar_Meshingun/Environment/Assets/Mesh/Prop",False,7,1390,1,7,2048,1609.143,1,True,64,0.774
"SM_GroundPatch_01a","/Game/Bazaar_Meshingun/Environment/Assets/Mesh/Prop",False,1,1474,1,8,2048,1416.000,2,True,32,1.123
"SM_Furnace_01a","/Game/Bazaar_Meshingun/Environment/Assets/Mesh/Prop",False,7,4892,1,7,4096,2486.857,1,True,192,4.193
"SM_FlourSack_01a","/Game/Bazaar_Meshingun/Environment/Assets/Mesh/Prop",False,7,1731,1,7,4096,2486.857,1,True,64,0.843
"SM_Flour_Small_01a","/Game/Bazaar_Meshingun/Environment/Assets/Mesh/Prop",False,7,100,1,8,4096,2184.000,1,True,16,0.426
"SM_Flour_Med_01a","/Game/Bazaar_Meshingun/Environment/Assets/Mesh/Prop",False,7,243,1,8,4096,2184.000,1,True,32,0.825
"SM_Flour_Large_01a","/Game/Bazaar_Meshingun/Environment/Assets/Mesh/Prop",False,7,335,1,8,4096,2184.000,1,True,48,1.110
"SM_CrateLid_01a","/Game/Bazaar_Meshingun/Environment/Assets/Mesh/Prop",False,1,24,1,7,2048,1609.143,1,True,32,0.593
"SM_Cover_Wood_01a","/Game/Bazaar_Meshingun/Environment/Assets/Mesh/Prop",False,7,504,1,7,2048,1609.143,1,True,80,2.180
"SM_Cover_03b","/Game/Bazaar_Meshingun/Environment/Assets/Mesh/Prop",False,7,3338,2,12,4096,2048.000,1,True,192,4.677
"SM_Cover_03a","/Game/Bazaar_Meshingun/Environment/Assets/Mesh/Prop",False,7,3632,2,11,2048,1675.636,1,True,192,4.677
"SM_Cover_02b","/Game/Bazaar_Meshingun/Environment/Assets/Mesh/Prop",False,1,529,1,9,4096,2048.000,1,True,64,4.613
"SM_Cover_02a","/Game/Bazaar_Meshingun/Environment/Assets/Mesh/Prop",False,1,529,1,9,4096,2048.000,1,True,64,4.091
"SM_Cover_01b","/Game/Bazaar_Meshingun/Environment/Assets/Mesh/Prop",False,7,663,1,8,2048,1536.000,1,True,64,4.613
"SM_Cover_01a","/Game/Bazaar_Meshingun/Environment/Assets/Mesh/Prop",False,7,667,1,8,2048,1536.000,1,True,64,4.091
"SM_CobblePatch_01a","/Game/Bazaar_Meshingun/Environment/Assets/Mesh/Prop",False,1,1418,1,11,4096,1960.727,1,True,96,3.913
"SM_Claypot_05a","/Game/Bazaar_Meshingun/Environment/Assets/Mesh/Prop",False,7,749,1,7,2048,1609.143,1,True,32,0.524
"SM_Claypot_04a","/Game/Bazaar_Meshingun/Environment/Assets/Mesh/Prop",False,7,774,1,7,2048,1609.143,1,True,32,0.665
"SM_Claypot_03a","/Game/Bazaar_Meshingun/Environment/Assets/Mesh/Prop",False,7,756,1,7,2048,1609.143,1,True,32,0.592
"SM_Claypot_02a","/Game/Bazaar_Meshingun/Environment/Assets/Mesh/Prop",False,7,874,1,7,2048,1609.143,1,True,32,0.404
"SM_Claypot_01a","/Game/Bazaar_Meshingun/Environment/Assets/Mesh/Prop",False,7,891,1,7,2048,1609.143,1,True,48,0.471
"SM_MERGED_Wall_Tower_02a","/Game/Bazaar_Meshingun/Environment/Assets/Mesh/Merged",False,1,1774,2,24,4096,2218.667,2,True,256,32.000
"SM_MERGED_Wall_Tower_01a","/Game/Bazaar_Meshingun/Environment/Assets/Mesh/Merged",False,1,2446,3,27,4096,2199.704,2,True,256,32.995
"SM_MERGED_Tower_01b","/Game/Bazaar_Meshingun/Environment/Assets/Mesh/Merged",False,1,41106,6,32,4096,2144.000,2,True,256,33.420
"SM_MERGED_Rope","/Game/Bazaar_Meshingun/Environment/Assets/Mesh/Merged",False,1,29621,1,7,4096,2486.857,2,True,256,54.351
"SM_Wood_Plank_01b","/Game/Bazaar_Meshingun/Environment/Assets/Mesh/Architecture",False,7,40,1,7,2048,1609.143,1,True,32,1.499
"SM_Wood_Plank_01a","/Game/Bazaar_Meshingun/Environment/Assets/Mesh/Architecture",False,7,40,1,7,2048,1609.143,1,True,48,1.499
"SM_Wood_Peg_01a","/Game/Bazaar_Meshingun/Environment/Assets/Mesh/Architecture",False,7,34,1,7,2048,1609.143,1,True,64,0.565
"SM_Wood_Curved_01a","/Game/Bazaar_Meshingun/Environment/Assets/Mesh/Architecture",False,7,270,1,7,2048,1609.143,1,True,64,1.116
"SM_Wood_Beam_4m_03a","/Game/Bazaar_Meshingun/Environment/Assets/Mesh/Architecture",False,7,130,1,7,2048,1609.143,1,True,96,4.000
"SM_Wood_Beam_4m_02a","/Game/Bazaar_Meshingun/Environment/Assets/Mesh/Architecture",False,7,56,1,7,2048,1609.143,1,True,96,3.979
"SM_Wood_Beam_4m_01a","/Game/Bazaar_Meshingun/Environment/Assets/Mesh/Architecture",False,7,56,1,7,2048,1609.143,1,True,96,3.981
"SM_Wood_Beam_2m_03a","/Game/Bazaar_Meshingun/Environment/Assets/Mesh/Architecture",False,7,136,1,7,2048,1609.143,1,True,64,2.000
"SM_Wood_Beam_2m_02a","/Game/Bazaar_Meshingun/Environment/Assets/Mesh/Architecture",False,7,56,1,7,2048,1609.143,1,True,64,1.982
"SM_Wood_Beam_2m_01a","/Game/Bazaar_Meshingun/Environment/Assets/Mesh/Architecture",False,7,56,1,7,2048,1609.143,1,True,64,2.000
"SM_WindowPanel_02a","/Game/Bazaar_Meshingun/Environment/Assets/Mesh/Architecture",False,7,30,1,4,2048,2048.000,1,True,32,1.839
"SM_WindowPanel_01a","/Game/Bazaar_Meshingun/Environment/Assets/Mesh/Architecture",False,7,12,1,4,2048,2048.000,1,True,32,2.071
"SM_Window_Wood_05a","/Game/Bazaar_Meshingun/Environment/Assets/Mesh/Architecture",False,7,240,1,7,2048,1609.143,2,False,0,2.041
"SM_Window_Wood_04a","/Game/Bazaar_Meshingun/Environment/Assets/Mesh/Architecture",False,7,5032,1,7,2048,1609.143,1,True,192,4.000
"SM_Window_Wood_03a","/Game/Bazaar_Meshingun/Environment/Assets/Mesh/Architecture",False,7,2028,2,11,2048,1768.727,1,True,160,3.159
"SM_Window_Wood_02a","/Game/Bazaar_Meshingun/Environment/Assets/Mesh/Architecture",False,7,590,2,11,2048,1768.727,1,True,128,3.205
"SM_Window_Wood_01a","/Game/Bazaar_Meshingun/Environment/Assets/Mesh/Architecture",False,7,668,2,11,2048,1768.727,1,True,128,1.975
"SM_Window_05a","/Game/Bazaar_Meshingun/Environment/Assets/Mesh/Architecture",False,7,4674,2,25,4096,2170.880,2,True,192,4.000
"SM_Window_04d","/Game/Bazaar_Meshingun/Environment/Assets/Mesh/Architecture",False,1,1874,3,29,4096,2153.931,1,True,64,4.000
"SM_Window_04c","/Game/Bazaar_Meshingun/Environment/Assets/Mesh/Architecture",False,1,1873,3,29,4096,2153.931,1,True,64,4.000
"SM_Window_04b","/Game/Bazaar_Meshingun/Environment/Assets/Mesh/Architecture",False,7,1844,2,25,4096,2170.880,1,True,192,4.000
"SM_Window_04a","/Game/Bazaar_Meshingun/Environment/Assets/Mesh/Architecture",False,7,1843,2,25,4096,2170.880,1,True,160,4.000
"SM_Window_03d","/Game/Bazaar_Meshingun/Environment/Assets/Mesh/Architecture",False,7,596,3,29,4096,2153.931,1,True,64,4.000
"SM_Window_03c","/Game/Bazaar_Meshingun/Environment/Assets/Mesh/Architecture",False,7,608,3,29,4096,2153.931,1,True,64,4.000
"SM_Window_03b","/Game/Bazaar_Meshingun/Environment/Assets/Mesh/Architecture",False,7,584,2,25,4096,2170.880,1,True,192,4.000
"SM_Window_03a","/Game/Bazaar_Meshingun/Environment/Assets/Mesh/Architecture",False,7,596,2,25,4096,2170.880,1,True,160,4.000
"SM_Window_02d","/Game/Bazaar_Meshingun/Environment/Assets/Mesh/Architecture",False,7,222,2,20,4096,1945.600,1,True,64,4.000
"SM_Window_02c","/Game/Bazaar_Meshingun/Environment/Assets/Mesh/Architecture",False,7,230,2,20,4096,1945.600,1,True,64,4.000
"SM_Window_02b","/Game/Bazaar_Meshingun/Environment/Assets/Mesh/Architecture",False,7,214,1,16,4096,1920.000,1,True,192,4.000
"SM_Window_02a","/Game/Bazaar_Meshingun/Environment/Assets/Mesh/Architecture",False,7,231,1,16,4096,1920.000,1,True,128,4.000
"SM_Window_01d","/Game/Bazaar_Meshingun/Environment/Assets/Mesh/Architecture",False,7,228,2,21,4096,1950.476,1,True,64,4.000
"SM_Window_01c","/Game/Bazaar_Meshingun/Environment/Assets/Mesh/Architecture",False,7,228,2,21,4096,1950.476,1,True,64,4.000
"SM_Window_01b","/Game/Bazaar_Meshingun/Environment/Assets/Mesh/Architecture",False,7,225,2,25,4096,2170.880,1,True,192,4.000
"SM_Window_01a","/Game/Bazaar_Meshingun/Environment/Assets/Mesh/Architecture",False,7,232,2,25,4096,2170.880,1,True,128,4.000
"SM_Wall_Half_01a","/Game/Bazaar_Meshingun/Environment/Assets/Mesh/Architecture",False,4,30,1,17,4096,1927.529,1,True,128,4.390
"SM_Wall_Corner_01a","/Game/Bazaar_Meshingun/Environment/Assets/Mesh/Architecture",False,7,519,1,14,4096,1901.714,1,True,92,4.000
"SM_Wall_Block_01a","/Game/Bazaar_Meshingun/Environment/Assets/Mesh/Architecture",False,7,32,1,17,4096,1927.529,1,True,128,4.000
"SM_Wall_8x8_01a","/Game/Bazaar_Meshingun/Environment/Assets/Mesh/Architecture",False,4,168,1,17,4096,1927.529,1,True,320,8.000
"SM_Wall_4x6_01a","/Game/Bazaar_Meshingun/Environment/Assets/Mesh/Architecture",False,4,42,1,17,4096,1927.529,1,True,192,6.000
"SM_Wall_4x4_01a2","/Game/Bazaar_Meshingun/Environment/Assets/Mesh/Architecture",False,4,42,1,17,4096,1927.529,1,True,192,4.000
"SM_Wall_4x2_01a","/Game/Bazaar_Meshingun/Environment/Assets/Mesh/Architecture",False,4,32,1,17,4096,1927.529,1,True,128,4.000
"SM_Wall_2x4_01a","/Game/Bazaar_Meshingun/Environment/Assets/Mesh/Architecture",False,4,42,1,17,4096,1927.529,1,True,128,4.000
"SM_Wall_2x1_01a","/Game/Bazaar_Meshingun/Environment/Assets/Mesh/Architecture",False,7,192,1,12,4096,2133.333,1,True,96,2.000
"SM_Trim_Wall_01c","/Game/Bazaar_Meshingun/Environment/Assets/Mesh/Architecture",False,7,102,1,14,4096,1901.714,1,True,96,2.125
"SM_Trim_Wall_01b","/Game/Bazaar_Meshingun/Environment/Assets/Mesh/Architecture",False,7,54,1,14,4096,1901.714,1,True,64,2.000
"SM_Trim_Wall_01a","/Game/Bazaar_Meshingun/Environment/Assets/Mesh/Architecture",False,7,69,1,14,4096,1901.714,1,True,96,4.000
"SM_Trim_02c","/Game/Bazaar_Meshingun/Environment/Assets/Mesh/Architecture",False,7,369,1,11,4096,2234.182,1,True,64,1.060
"SM_Trim_02b","/Game/Bazaar_Meshingun/Environment/Assets/Mesh/Architecture",False,7,164,1,11,4096,2234.182,1,True,32,0.794
"SM_Trim_02a","/Game/Bazaar_Meshingun/Environment/Assets/Mesh/Architecture",False,7,219,1,11,4096,2234.182,1,True,96,4.000
"SM_Trim_01d","/Game/Bazaar_Meshingun/Environment/Assets/Mesh/Architecture",False,7,172,1,12,4096,2133.333,1,True,96,4.000
"SM_Trim_01c","/Game/Bazaar_Meshingun/Environment/Assets/Mesh/Architecture",False,7,86,1,12,4096,2133.333,1,True,16,0.401
"SM_Trim_01b","/Game/Bazaar_Meshingun/Environment/Assets/Mesh/Architecture",False,7,257,1,12,4096,2133.333,1,True,32,0.364
"SM_Trim_01a","/Game/Bazaar_Meshingun/Environment/Assets/Mesh/Architecture",False,7,114,1,12,4096,2133.333,1,True,64,2.000
"SM_Teeth_02b","/Game/Bazaar_Meshingun/Environment/Assets/Mesh/Architecture",False,7,280,1,8,2048,1536.000,1,True,96,1.824
"SM_Teeth_02a","/Game/Bazaar_Meshingun/Environment/Assets/Mesh/Architecture",False,7,142,1,8,2048,1536.000,1,True,96,1.825
"SM_Teeth_01b","/Game/Bazaar_Meshingun/Environment/Assets/Mesh/Architecture",False,7,290,1,8,2048,1536.000,1,True,64,0.993
"SM_Teeth_01a","/Game/Bazaar_Meshingun/Environment/Assets/Mesh/Architecture",False,7,56,1,8,2048,1536.000,1,True,64,0.995
"SM_Stone_Pattern_01a","/Game/Bazaar_Meshingun/Environment/Assets/Mesh/Architecture",False,7,170,2,19,4096,2533.053,1,True,192,4.000
"SM_Stone_02a","/Game/Bazaar_Meshingun/Environment/Assets/Mesh/Architecture",False,7,222,1,7,2048,1609.143,1,True,64,2.998
"SM_Stone_01e","/Game/Bazaar_Meshingun/Environment/Assets/Mesh/Architecture",False,7,103,1,7,2048,1609.143,1,True,32,0.500
"SM_Stone_01d","/Game/Bazaar_Meshingun/Environment/Assets/Mesh/Architecture",False,7,107,1,7,2048,1609.143,1,True,32,0.581
"SM_Stone_01c","/Game/Bazaar_Meshingun/Environment/Assets/Mesh/Architecture",False,7,74,1,7,2048,1609.143,1,True,48,1.000
"SM_Stone_01b","/Game/Bazaar_Meshingun/Environment/Assets/Mesh/Architecture",False,7,74,1,7,2048,1609.143,1,True,48,1.000
"SM_Stone_01a","/Game/Bazaar_Meshingun/Environment/Assets/Mesh/Architecture",False,7,74,1,7,2048,1609.143,1,True,48,1.000
"SM_Stair_01a","/Game/Bazaar_Meshingun/Environment/Assets/Mesh/Architecture",False,7,4782,2,15,4096,2116.267,1,True,256,5.241
"SM_Railing_Wood_02a","/Game/Bazaar_Meshingun/Environment/Assets/Mesh/Architecture",False,7,100,1,7,2048,1609.143,1,True,32,1.000
"SM_Railing_Wood_01b","/Game/Bazaar_Meshingun/Environment/Assets/Mesh/Architecture",False,7,784,1,7,2048,1609.143,1,True,96,2.005
"SM_Railing_Wood_01a","/Game/Bazaar_Meshingun/Environment/Assets/Mesh/Architecture",False,7,1900,1,7,2048,1609.143,1,True,160,5.956
"SM_Railing_Stone_01b","/Game/Bazaar_Meshingun/Environment/Assets/Mesh/Architecture",False,7,88,1,12,4096,2133.333,1,True,32,0.815
"SM_Railing_Stone_01a","/Game/Bazaar_Meshingun/Environment/Assets/Mesh/Architecture",False,7,56,1,12,4096,2133.333,1,True,32,0.932
"SM_Pilliar_Small_02a","/Game/Bazaar_Meshingun/Environment/Assets/Mesh/Architecture",False,7,616,1,12,4096,2133.333,1,True,64,1.084
"SM_Pillar_Small_01a","/Game/Bazaar_Meshingun/Environment/Assets/Mesh/Architecture",False,7,408,1,12,4096,2133.333,1,True,64,1.205
"SM_Pillar_Part_01f","/Game/Bazaar_Meshingun/Environment/Assets/Mesh/Architecture",False,7,939,1,14,4096,1901.714,1,True,64,1.625
"SM_Pillar_Part_01e","/Game/Bazaar_Meshingun/Environment/Assets/Mesh/Architecture",False,7,1290,1,14,4096,1901.714,1,True,128,1.831
"SM_Pillar_Part_01d","/Game/Bazaar_Meshingun/Environment/Assets/Mesh/Architecture",False,7,424,1,14,4096,1901.714,1,True,64,1.109
"SM_Pillar_Part_01c","/Game/Bazaar_Meshingun/Environment/Assets/Mesh/Architecture",False,7,208,1,14,4096,1901.714,1,True,64,1.072
"SM_Pillar_Part_01b","/Game/Bazaar_Meshingun/Environment/Assets/Mesh/Architecture",False,7,356,1,14,4096,1901.714,1,True,64,1.048
"SM_Pillar_Part_01a","/Game/Bazaar_Meshingun/Environment/Assets/Mesh/Architecture",False,7,603,1,14,4096,1901.714,1,True,64,2.079
"SM_Pillar_04a","/Game/Bazaar_Meshingun/Environment/Assets/Mesh/Architecture",False,7,3820,1,14,4096,1901.714,1,True,192,6.549
"SM_Pillar_03a","/Game/Bazaar_Meshingun/Environment/Assets/Mesh/Architecture",False,7,708,2,21,4096,2194.286,1,True,160,4.908
"SM_Pillar_02a","/Game/Bazaar_Meshingun/Environment/Assets/Mesh/Architecture",False,7,4835,1,12,4096,2133.333,1,True,128,4.014
"SM_Pillar_01a","/Game/Bazaar_Meshingun/Environment/Assets/Mesh/Architecture",False,7,1715,1,12,4096,2133.333,1,True,128,4.000
"SM_GoldPoint_01a","/Game/Bazaar_Meshingun/Environment/Assets/Mesh/Architecture",False,7,1090,1,7,2048,1609.143,1,True,64,2.117
"SM_Floor_8x8_01a","/Game/Bazaar_Meshingun/Environment/Assets/Mesh/Architecture",False,7,112,1,14,4096,1901.714,1,True,288,8.000
"SM_Floor_4x4_01a","/Game/Bazaar_Meshingun/Environment/Assets/Mesh/Architecture",False,7,44,1,14,4096,1901.714,1,True,192,4.000
"SM_Floor_4x2_01a","/Game/Bazaar_Meshingun/Environment/Assets/Mesh/Architecture",False,7,32,1,14,4096,1901.714,1,True,128,4.000
"SM_Floor_2x2_01a","/Game/Bazaar_Meshingun/Environment/Assets/Mesh/Architecture",False,4,24,1,14,4096,1901.714,1,True,128,2.000
"SM_Floor_2x1_01a","/Game/Bazaar_Meshingun/Environment/Assets/Mesh/Architecture",False,7,32,1,14,4096,1901.714,1,True,64,4.000
"SM_Doorway_01a","/Game/Bazaar_Meshingun/Environment/Assets/Mesh/Architecture",False,7,1038,2,25,4096,2170.880,1,True,192,4.003
"SM_Door_01a","/Game/Bazaar_Meshingun/Environment/Assets/Mesh/Architecture",False,7,788,2,11,2048,1768.727,1,True,96,2.411
"SM_Dome_Wall_01a","/Game/Bazaar_Meshingun/Environment/Assets/Mesh/Architecture",False,4,28,1,17,4096,1927.529,1,True,160,4.000
"SM_Dome_Floor_01a","/Game/Bazaar_Meshingun/Environment/Assets/Mesh/Architecture",False,7,56,1,14,4096,1901.714,1,True,160,5.527
"SM_Dome_02b","/Game/Bazaar_Meshingun/Environment/Assets/Mesh/Architecture",False,7,661,1,7,2048,1609.143,1,True,256,6.815
"SM_Dome_02a","/Game/Bazaar_Meshingun/Environment/Assets/Mesh/Architecture",False,7,663,1,7,2048,1609.143,1,True,256,6.815
"SM_Dome_01a","/Game/Bazaar_Meshingun/Environment/Assets/Mesh/Architecture",False,7,3144,1,12,4096,2133.333,1,True,320,9.291
"SM_Ceiling_Arch_01b","/Game/Bazaar_Meshingun/Environment/Assets/Mesh/Architecture",False,7,1670,3,25,4096,2170.880,1,True,512,15.423
"SM_Ceiling_Arch_01a","/Game/Bazaar_Meshingun/Environment/Assets/Mesh/Architecture",False,7,592,2,25,4096,2170.880,1,True,512,15.423
"SM_Breadshop_Wall_01a","/Game/Bazaar_Meshingun/Environment/Assets/Mesh/Architecture",False,1,42,2,20,4096,2252.800,1,True,64,4.000
"SM_Archway_Door_01a","/Game/Bazaar_Meshingun/Environment/Assets/Mesh/Architecture",False,7,8964,1,7,2048,1609.143,1,True,256,7.224
"SM_Arch_Wood_02a","/Game/Bazaar_Meshingun/Environment/Assets/Mesh/Architecture",False,7,1078,1,7,2048,1609.143,1,True,192,4.000
"SM_Arch_Wood_01a","/Game/Bazaar_Meshingun/Environment/Assets/Mesh/Architecture",False,7,2110,1,7,2048,1609.143,1,True,192,4.000
"SM_Arch_Large_01a","/Game/Bazaar_Meshingun/Environment/Assets/Mesh/Architecture",False,7,6036,2,25,4096,2170.880,1,True,320,8.000
"SM_Arch_08a","/Game/Bazaar_Meshingun/Environment/Assets/Mesh/Architecture",False,7,3782,1,16,4096,1920.000,1,True,512,10.000
"SM_Arch_07a","/Game/Bazaar_Meshingun/Environment/Assets/Mesh/Architecture",False,7,172,1,16,4096,1920.000,1,True,192,4.000
"SM_Arch_06a","/Game/Bazaar_Meshingun/Environment/Assets/Mesh/Architecture",False,7,1313,2,25,4096,2170.880,1,True,192,4.911
"SM_Arch_05a","/Game/Bazaar_Meshingun/Environment/Assets/Mesh/Architecture",False,7,1176,2,25,4096,2170.880,1,True,128,4.000
"SM_Arch_04a","/Game/Bazaar_Meshingun/Environment/Assets/Mesh/Architecture",False,7,1637,2,25,4096,2170.880,1,True,192,4.000
"SM_Arch_03a","/Game/Bazaar_Meshingun/Environment/Assets/Mesh/Architecture",False,7,3747,2,25,4096,2170.880,1,True,192,4.000
"SM_Arch_02a","/Game/Bazaar_Meshingun/Environment/Assets/Mesh/Architecture",False,7,4116,2,25,4096,2170.880,1,True,192,4.000
"SM_Arch_01a","/Game/Bazaar_Meshingun/Environment/Assets/Mesh/Architecture",False,7,1164,1,12,4096,2133.333,1,True,192,4.000
"SM_Tree_Palm_03","/Game/Bazaar_Meshingun/Environment/Assets/Foliage/Mesh/Palm",False,8,4868,2,8,2048,1728.000,1,True,256,10.069
"SM_Tree_Palm_02","/Game/Bazaar_Meshingun/Environment/Assets/Foliage/Mesh/Palm",False,8,16170,2,8,2048,1728.000,1,True,256,21.417
"SM_Tree_Palm_01","/Game/Bazaar_Meshingun/Environment/Assets/Foliage/Mesh/Palm",False,8,24037,2,8,2048,1728.000,2,True,256,29.257
"SM_Wheat_02a","/Game/Bazaar_Meshingun/Environment/Assets/Foliage/Mesh/GroundCover",False,4,406,1,5,1024,844.800,3,True,64,1.681
"SM_Plane","/Game/Bazaar_Meshingun/Environment/Assets/Effect/Mesh",False,1,91,1,2,512,384.000,1,True,64,0.100
"SM_Wax_04a","/Game/Bazaar_Meshingun/Blueprint/Candle",False,1,604,1,7,2048,1609.143,1,True,64,1.410
"SM_Wax_02a","/Game/Bazaar_Meshingun/Blueprint/Candle",False,1,315,1,7,2048,1609.143,1,True,64,0.864
"SM_thincandle_01b","/Game/Bazaar_Meshingun/Blueprint/Candle",False,1,695,1,7,2048,1609.143,1,True,128,0.121
"SM_thincandle_01a","/Game/Bazaar_Meshingun/Blueprint/Candle",False,1,887,1,7,2048,1609.143,1,True,128,0.210
"SM_thickcandle_01c","/Game/Bazaar_Meshingun/Blueprint/Candle",False,1,456,1,7,2048,1609.143,1,True,128,0.245
"SM_thickcandle_01b","/Game/Bazaar_Meshingun/Blueprint/Candle",False,1,708,1,7,2048,1609.143,1,True,64,0.108
"SM_thickcandle_01a","/Game/Bazaar_Meshingun/Blueprint/Candle",False,1,599,1,7,2048,1609.143,1,True,128,0.172
"SM_Candleabra_02a","/Game/Bazaar_Meshingun/Blueprint/Candle",False,1,495,1,7,2048,1609.143,1,True,24,0.252
